Validity,0.9858
Uniqueness,0.4308
Diversity,0.18320146074254412
Novelty,0.04625684723067559
Recovery/Frag,0.8107852412488175
Recovery/Scaf,0.7796234772978959
Active_rate,0.896
Success_rate,0.083
