Validity,1.0
Uniqueness,1.0
Diversity,0.43457943925233644
Novelty,0.4221183800623053
Recovery/Frag,0.09107806691449814
Recovery/Scaf,0.0017921146953405018
Active_rate,0.9213395638629284
Success_rate,0.9213395638629284
