Validity,0.7328
Uniqueness,0.7
Diversity,0.6686681222707423
Novelty,0.6072598253275109
Recovery/Frag,0.13426387504154205
Recovery/Scaf,0.035918367346938776
Active_rate,0.6418
Success_rate,0.512
