Validity,0.99
Uniqueness,0.4198
Diversity,0.17898989898989898
Novelty,0.040202020202020204
Recovery/Frag,0.8323643410852714
Recovery/Scaf,0.801354401805869
Active_rate,0.8996
Success_rate,0.0766
