Validity,0.724
Uniqueness,0.6914
Diversity,0.6651933701657459
Novelty,0.5933701657458563
Recovery/Frag,0.1326903890921184
Recovery/Scaf,0.03986710963455149
Active_rate,0.637
Success_rate,0.4988
