Validity,1.0
Uniqueness,1.0
Diversity,0.5057915057915058
Novelty,0.49034749034749037
Recovery/Frag,0.1676300578034682
Recovery/Scaf,0.0
Active_rate,0.7876447876447876
Success_rate,0.7876447876447876
