Validity,0.9524
Uniqueness,0.5138
Diversity,0.24296514069718605
Novelty,0.0995380092398152
Recovery/Frag,0.6438906752411575
Recovery/Scaf,0.5730337078651685
Active_rate,0.8686
Success_rate,0.1268
