Validity,0.9862
Uniqueness,0.4198
Diversity,0.1740012167917258
Novelty,0.04015412695193673
Recovery/Frag,0.8459979736575481
Recovery/Scaf,0.8053613053613053
Active_rate,0.9024
Success_rate,0.0866
