Validity,0.987
Uniqueness,0.4262
Diversity,0.18277608915906787
Novelty,0.04397163120567376
Recovery/Frag,0.8312439729990356
Recovery/Scaf,0.7926829268292683
Active_rate,0.9008
Success_rate,0.0816
