Validity,0.7332
Uniqueness,0.6988
Diversity,0.6500272776868522
Novelty,0.5908346972176759
Recovery/Frag,0.13092852371409486
Recovery/Scaf,0.040285354595048256
Active_rate,0.6446
Success_rate,0.5088
