Validity,0.9492
Uniqueness,0.9492
Diversity,0.8893805309734514
Novelty,0.566582385166456
Recovery/Frag,0.0870016611295681
Recovery/Scaf,0.005685856432125089
Active_rate,0.4266
Success_rate,0.3448
