Validity,1.0
Uniqueness,1.0
Diversity,0.4681818181818182
Novelty,0.4584415584415584
Recovery/Frag,0.0661764705882353
Recovery/Scaf,0.0013869625520110957
Active_rate,0.875974025974026
Success_rate,0.875974025974026
