Validity,0.9468
Uniqueness,0.5254
Diversity,0.2505280946345585
Novelty,0.10857625686523024
Recovery/Frag,0.6096256684491979
Recovery/Scaf,0.5446880269814502
Active_rate,0.8638
Success_rate,0.1322
