Validity,0.9892
Uniqueness,0.4262
Diversity,0.18338050950262838
Novelty,0.04448038819247877
Recovery/Frag,0.8216318785578748
Recovery/Scaf,0.7761852260198456
Active_rate,0.8912
Success_rate,0.085
