Validity,0.9468
Uniqueness,0.5214
Diversity,0.2456696239966202
Novelty,0.10160540768905788
Recovery/Frag,0.6235294117647059
Recovery/Scaf,0.5657781599312124
Active_rate,0.8662
Success_rate,0.1256
