Validity,0.7312
Uniqueness,0.6968
Diversity,0.6570021881838074
Novelty,0.5899890590809628
Recovery/Frag,0.13214525891055817
Recovery/Scaf,0.0395503746877602
Active_rate,0.639
Success_rate,0.5008
