Validity,0.9478
Uniqueness,0.5296
Diversity,0.25490609833298167
Novelty,0.1074066258704368
Recovery/Frag,0.6087283671933785
Recovery/Scaf,0.554635761589404
Active_rate,0.8672
Success_rate,0.1302
