Validity,1.0
Uniqueness,1.0
Diversity,0.4629360465116279
Novelty,0.4498546511627907
Recovery/Frag,0.10307414104882459
Recovery/Scaf,0.0
Active_rate,0.8321220930232558
Success_rate,0.8321220930232558
