Validity,1.0
Uniqueness,1.0
Diversity,0.49366471734892786
Novelty,0.4853801169590643
Recovery/Frag,0.0555858310626703
Recovery/Scaf,0.0
Active_rate,0.43323586744639375
Success_rate,0.4327485380116959
