Validity,0.7324
Uniqueness,0.6982
Diversity,0.6381758601856908
Novelty,0.5729109776078646
Recovery/Frag,0.135709389993146
Recovery/Scaf,0.038510911424903725
Active_rate,0.6488
Success_rate,0.5062
