Validity,0.7346
Uniqueness,0.6984
Diversity,0.6534168254832562
Novelty,0.5897086849986387
Recovery/Frag,0.1356615177971793
Recovery/Scaf,0.0375
Active_rate,0.6394
Success_rate,0.5024
