Validity,0.9536
Uniqueness,0.524
Diversity,0.2472734899328859
Novelty,0.10276845637583892
Recovery/Frag,0.6127562642369021
Recovery/Scaf,0.5631891433418151
Active_rate,0.8752
Success_rate,0.1368
