Validity,1.0
Uniqueness,1.0
Diversity,0.5602409638554217
Novelty,0.545933734939759
Recovery/Frag,0.06687647521636507
Recovery/Scaf,0.0
Active_rate,0.8192771084337349
Success_rate,0.8192771084337349
