Validity,0.9518
Uniqueness,0.5224
Diversity,0.24837150661903762
Novelty,0.10590460180710233
Recovery/Frag,0.6290571870170015
Recovery/Scaf,0.5676818950930627
Active_rate,0.871
Success_rate,0.1344
