Validity,0.9908
Uniqueness,0.431
Diversity,0.17924909164311667
Novelty,0.04360113039967703
Recovery/Frag,0.8258801141769743
Recovery/Scaf,0.7916666666666666
Active_rate,0.8936
Success_rate,0.0818
